{"name":"83c920b7-64fe-4194-8d33-769c41706cb0","id":"/providers/Microsoft.Flow/flows/83c920b7-64fe-4194-8d33-769c41706cb0","type":"Microsoft.Flow/flows","properties":{"apiId":"/providers/Microsoft.PowerApps/apis/shared_logicflows","displayName":"Record Pre Test","definition":{"metadata":{"workflowEntityId":null,"processAdvisorMetadata":null,"flowChargedByPaygo":null,"flowclientsuspensionreason":"None","flowclientsuspensiontime":null,"flowclientsuspensionreasondetails":null,"creator":{"id":"1e2c321d-0260-49a8-b3b8-d2ba17e7d4a3","type":"User","tenantId":"d714401b-802f-40f8-be20-72a8ec86f688"},"provisioningMethod":"FromDefinition","failureAlertSubscription":true,"clientLastModifiedTime":"2025-12-19T08:21:32.2919909Z","connectionKeySavedTimeKey":"2025-12-19T08:21:32.2919909Z","creationSource":"Portal","modifiedSources":"Portal"},"$schema":"https://schema.management.azure.com/providers/Microsoft.Logic/schemas/2016-06-01/workflowdefinition.json#","contentVersion":"1.0.0.0","parameters":{"$authentication":{"defaultValue":{},"type":"SecureObject"},"$connections":{"defaultValue":{},"type":"Object"}},"triggers":{"When_a_new_response_is_submitted":{"splitOn":"@triggerOutputs()?['body/value']","type":"OpenApiConnectionWebhook","inputs":{"parameters":{"form_id":"G0AU1y-A-EC-IHKo7Ib2iB0yLB5gAqhJs7jSuhfn1KNURVlWV1JQMkMxRVFNNEEzNEc3WVpEQkxQOC4u"},"host":{"apiId":"/providers/Microsoft.PowerApps/apis/shared_microsoftforms","connectionName":"shared_microsoftforms","operationId":"CreateFormWebhook"},"authentication":"@parameters('$authentication')"}}},"actions":{"Get_response_details":{"runAfter":{},"type":"OpenApiConnection","inputs":{"parameters":{"form_id":"G0AU1y-A-EC-IHKo7Ib2iB0yLB5gAqhJs7jSuhfn1KNURVlWV1JQMkMxRVFNNEEzNEc3WVpEQkxQOC4u","response_id":"@triggerOutputs()?['body/resourceData/responseId']"},"host":{"apiId":"/providers/Microsoft.PowerApps/apis/shared_microsoftforms","connectionName":"shared_microsoftforms","operationId":"GetFormResponseById"},"authentication":"@parameters('$authentication')"}},"Add_a_row_into_a_table":{"runAfter":{"Get_response_details":["Succeeded"]},"metadata":{"01JT76IHISQDC2TVAXBVFJAIJCZV2KYFWB":"/Power Automate 18 Dec/Report PA.xlsx","tableId":"{2BCDC4BD-2161-4AF0-BFF1-9A0D0BF49287}","01JT76IHIF34ACHMXDTFGJNHUYNNNU2RAA":"/Power Automate 18 Dec/Record Pre test.xlsx"},"type":"OpenApiConnection","inputs":{"parameters":{"source":"me","drive":"b!zZes6OonhkyC0yPxm2cVtUK5KVxxsGJLvwib2m0fqJCVKH6FHI1CS7W4RMZw5cgA","file":"01JT76IHIF34ACHMXDTFGJNHUYNNNU2RAA","table":"{2BCDC4BD-2161-4AF0-BFF1-9A0D0BF49287}","item/Employee ID":"@outputs('Get_response_details')?['body/r23f65415ceb6468889c06c3f5276cd26']","item/Name":"@outputs('Get_response_details')?['body/r945d9b71d3a54484b243206993d5be64']"},"host":{"apiId":"/providers/Microsoft.PowerApps/apis/shared_excelonlinebusiness","connectionName":"shared_excelonlinebusiness","operationId":"AddRowV2"},"authentication":"@parameters('$authentication')"}}},"outputs":{}},"connectionReferences":{"shared_microsoftforms":{"connectionName":"shared-microsoftform-d1da122a-a7b9-4762-a9e0-39e0f77ccef0","source":"Embedded","id":"/providers/Microsoft.PowerApps/apis/shared_microsoftforms","tier":"NotSpecified","apiName":"microsoftforms","isProcessSimpleApiReferenceConversionAlreadyDone":false},"shared_excelonlinebusiness":{"connectionName":"146749f7ff1d42d798e9f41543106e5f","source":"Embedded","id":"/providers/Microsoft.PowerApps/apis/shared_excelonlinebusiness","tier":"NotSpecified","apiName":"excelonlinebusiness","isProcessSimpleApiReferenceConversionAlreadyDone":false}},"flowFailureAlertSubscribed":false,"isManaged":false}}