{"name":"a28efb23-f6e7-447a-aa2b-a0a655db6a6c","id":"/providers/Microsoft.Flow/flows/a28efb23-f6e7-447a-aa2b-a0a655db6a6c","type":"Microsoft.Flow/flows","properties":{"apiId":"/providers/Microsoft.PowerApps/apis/shared_logicflows","displayName":"Flow 4: Create PDF Ticket when user submit form","definition":{"metadata":{"workflowEntityId":null,"processAdvisorMetadata":null,"flowChargedByPaygo":null,"flowclientsuspensionreason":"None","flowclientsuspensiontime":null,"flowclientsuspensionreasondetails":null,"creator":{"id":"1e2c321d-0260-49a8-b3b8-d2ba17e7d4a3","type":"User","tenantId":"d714401b-802f-40f8-be20-72a8ec86f688"},"provisioningMethod":"FromDefinition","failureAlertSubscription":true,"clientLastModifiedTime":"2025-12-19T04:06:58.4546291Z","connectionKeySavedTimeKey":"2025-12-19T04:06:58.4546291Z","creationSource":"Portal","modifiedSources":"Portal"},"$schema":"https://schema.management.azure.com/providers/Microsoft.Logic/schemas/2016-06-01/workflowdefinition.json#","contentVersion":"1.0.0.0","parameters":{"$authentication":{"defaultValue":{},"type":"SecureObject"},"$connections":{"defaultValue":{},"type":"Object"}},"triggers":{"When_a_new_response_is_submitted":{"splitOn":"@triggerOutputs()?['body/value']","type":"OpenApiConnectionWebhook","inputs":{"parameters":{"form_id":"G0AU1y-A-EC-IHKo7Ib2iB0yLB5gAqhJs7jSuhfn1KNUMlo2Vzk0NUg3R0RMQ1hJTFRaVlRQT0tJSi4u"},"host":{"apiId":"/providers/Microsoft.PowerApps/apis/shared_microsoftforms","connectionName":"shared_microsoftforms","operationId":"CreateFormWebhook"},"authentication":"@parameters('$authentication')"}}},"actions":{"Get_response_details":{"runAfter":{},"type":"OpenApiConnection","inputs":{"parameters":{"form_id":"G0AU1y-A-EC-IHKo7Ib2iB0yLB5gAqhJs7jSuhfn1KNUMlo2Vzk0NUg3R0RMQ1hJTFRaVlRQT0tJSi4u","response_id":"@triggerOutputs()?['body/resourceData/responseId']"},"host":{"apiId":"/providers/Microsoft.PowerApps/apis/shared_microsoftforms","connectionName":"shared_microsoftforms","operationId":"GetFormResponseById"},"authentication":"@parameters('$authentication')"}},"TicketID":{"runAfter":{"Responder_ID":["Succeeded"]},"type":"Compose","inputs":"@concat('TKT',outputs('Name'),outputs('Responder_ID'))"},"Populate_a_Microsoft_Word_template":{"runAfter":{"TicketID":["Succeeded"]},"metadata":{"01HIWFICUE7XEDZPRNT5CZBRVII57P7SW3":"/PA 18 Dec/Tiket PA.docx"},"type":"OpenApiConnection","inputs":{"parameters":{"source":"groups/ff5f55d5-2dab-4a77-bd5b-c756f4108977","drive":"b!4UWjju2dVk-gxBn1a6UZUzc6F-qshAhFp3AII9RT-eP4fgqeBSI2Rb3CVp1FS-Z0","file":"01HIWFICUE7XEDZPRNT5CZBRVII57P7SW3","dynamicFileSchema/185956782":"@outputs('Get_response_details')?['body/r8b6076f1aedd4a3c98572bc60ea9f9b4']","dynamicFileSchema/990454330":"@outputs('Get_response_details')?['body/r8df48de36cbc464bb6ddf96b5d983b31']","dynamicFileSchema/-324434692":"@outputs('Get_response_details')?['body/r7525eb07d3854bdeadb17482d69c96cf']","dynamicFileSchema/-1427491247":"@outputs('Get_response_details')?['body/r6160b794f36047f5a656b3ad141c0169']","dynamicFileSchema/-1262835545":"@outputs('Get_response_details')?['body/submitDate']","dynamicFileSchema/-1411999276":"@outputs('TicketID')"},"host":{"apiId":"/providers/Microsoft.PowerApps/apis/shared_wordonlinebusiness","connectionName":"shared_wordonlinebusiness","operationId":"CreateFileItem"},"authentication":"@parameters('$authentication')"}},"Send_an_email_(V2)":{"runAfter":{"Convert_Word_Document_to_PDF":["Succeeded"]},"type":"OpenApiConnection","inputs":{"parameters":{"emailMessage/To":"@outputs('Get_response_details')?['body/r99cfd064368844798ebe5b46ca458199']","emailMessage/Subject":"PURCHASE SUCCESsFUL","emailMessage/Body":"<p class=\"editor-paragraph\">Hi @{outputs('Get_response_details')?['body/r8b6076f1aedd4a3c98572bc60ea9f9b4']} ,<br><br>Your purchase is successful</p><p class=\"editor-paragraph\">Below attached yout ticket.<br></p><br>","emailMessage/Attachments":[{"Name":"@{outputs('TicketID')}.pdf","ContentBytes":"@body('Convert_Word_Document_to_PDF')"}]},"host":{"apiId":"/providers/Microsoft.PowerApps/apis/shared_office365","connectionName":"shared_office365","operationId":"SendEmailV2"},"authentication":"@parameters('$authentication')"}},"Name":{"runAfter":{"Get_response_details":["Succeeded"]},"type":"Compose","inputs":"@outputs('Get_response_details')?['body/r8b6076f1aedd4a3c98572bc60ea9f9b4']"},"Responder_ID":{"runAfter":{"Name":["Succeeded"]},"type":"Compose","inputs":"@triggerOutputs()?['body/resourceData/responseId']"},"Create_file":{"runAfter":{"Populate_a_Microsoft_Word_template":["Succeeded"]},"type":"OpenApiConnection","inputs":{"parameters":{"folderPath":"/Power Automate 18 Dec","name":"@concat(outputs('TicketID'), '.docx')","body":"@body('Populate_a_Microsoft_Word_template')"},"host":{"apiId":"/providers/Microsoft.PowerApps/apis/shared_onedriveforbusiness","connectionName":"shared_onedriveforbusiness","operationId":"CreateFile"},"authentication":"@parameters('$authentication')"},"runtimeConfiguration":{"contentTransfer":{"transferMode":"Chunked"}}},"Convert_Word_Document_to_PDF":{"runAfter":{"Create_file":["Succeeded"]},"type":"OpenApiConnection","inputs":{"parameters":{"source":"me","drive":"b!zZes6OonhkyC0yPxm2cVtUK5KVxxsGJLvwib2m0fqJCVKH6FHI1CS7W4RMZw5cgA","file":"@outputs('Create_file')?['body/Path']"},"host":{"apiId":"/providers/Microsoft.PowerApps/apis/shared_wordonlinebusiness","connectionName":"shared_wordonlinebusiness","operationId":"GetFilePDF"},"authentication":"@parameters('$authentication')"}}},"outputs":{}},"connectionReferences":{"shared_microsoftforms":{"connectionName":"shared-microsoftform-d1da122a-a7b9-4762-a9e0-39e0f77ccef0","source":"Embedded","id":"/providers/Microsoft.PowerApps/apis/shared_microsoftforms","tier":"NotSpecified","apiName":"microsoftforms","isProcessSimpleApiReferenceConversionAlreadyDone":false},"shared_wordonlinebusiness":{"connectionName":"shared-wordonlinebus-02bf6fee-2d61-451c-b462-a8e42fc459e4","source":"Embedded","id":"/providers/Microsoft.PowerApps/apis/shared_wordonlinebusiness","tier":"NotSpecified","apiName":"wordonlinebusiness","isProcessSimpleApiReferenceConversionAlreadyDone":false},"shared_office365":{"connectionName":"shared-office365-896e0308-87b4-434f-bba6-010de014efcc","source":"Embedded","id":"/providers/Microsoft.PowerApps/apis/shared_office365","tier":"NotSpecified","apiName":"office365","isProcessSimpleApiReferenceConversionAlreadyDone":false},"shared_onedriveforbusiness":{"connectionName":"017695c2558a4b8bac92d5643c712863","source":"Embedded","id":"/providers/Microsoft.PowerApps/apis/shared_onedriveforbusiness","tier":"NotSpecified","apiName":"onedriveforbusiness","isProcessSimpleApiReferenceConversionAlreadyDone":false}},"flowFailureAlertSubscribed":false,"isManaged":false}}