{
  "properties": {
    "connectionReferences": {
      "shared_microsoftforms": {
        "runtimeSource": "embedded",
        "connection": {
          "connectionReferenceLogicalName": "new_sharedmicrosoftforms_519bf"
        },
        "api": {
          "name": "shared_microsoftforms"
        }
      },
      "shared_wordonlinebusiness": {
        "runtimeSource": "embedded",
        "connection": {
          "connectionReferenceLogicalName": "new_sharedwordonlinebusiness_57ede"
        },
        "api": {
          "name": "shared_wordonlinebusiness"
        }
      },
      "shared_office365": {
        "runtimeSource": "embedded",
        "connection": {
          "connectionReferenceLogicalName": "new_sharedoffice365_2be98"
        },
        "api": {
          "name": "shared_office365"
        }
      },
      "shared_onedriveforbusiness": {
        "runtimeSource": "embedded",
        "connection": {
          "connectionReferenceLogicalName": "new_sharedonedriveforbusiness_839ac"
        },
        "api": {
          "name": "shared_onedriveforbusiness"
        }
      }
    },
    "definition": {
      "$schema": "https://schema.management.azure.com/providers/Microsoft.Logic/schemas/2016-06-01/workflowdefinition.json#",
      "contentVersion": "1.0.0.0",
      "parameters": {
        "$authentication": {
          "defaultValue": {},
          "type": "SecureObject"
        },
        "$connections": {
          "defaultValue": {},
          "type": "Object"
        }
      },
      "triggers": {
        "When_a_new_response_is_submitted": {
          "splitOn": "@triggerOutputs()?['body/value']",
          "type": "OpenApiConnectionWebhook",
          "inputs": {
            "parameters": {
              "form_id": "G0AU1y-A-EC-IHKo7Ib2iB0yLB5gAqhJs7jSuhfn1KNUMlo2Vzk0NUg3R0RMQ1hJTFRaVlRQT0tJSi4u"
            },
            "host": {
              "apiId": "/providers/Microsoft.PowerApps/apis/shared_microsoftforms",
              "connectionName": "shared_microsoftforms",
              "operationId": "CreateFormWebhook"
            },
            "authentication": "@parameters('$authentication')"
          }
        }
      },
      "actions": {
        "Get_response_details": {
          "runAfter": {},
          "type": "OpenApiConnection",
          "inputs": {
            "parameters": {
              "form_id": "G0AU1y-A-EC-IHKo7Ib2iB0yLB5gAqhJs7jSuhfn1KNUMlo2Vzk0NUg3R0RMQ1hJTFRaVlRQT0tJSi4u",
              "response_id": "@triggerOutputs()?['body/resourceData/responseId']"
            },
            "host": {
              "apiId": "/providers/Microsoft.PowerApps/apis/shared_microsoftforms",
              "connectionName": "shared_microsoftforms",
              "operationId": "GetFormResponseById"
            },
            "authentication": "@parameters('$authentication')"
          }
        },
        "TicketID": {
          "runAfter": {
            "Responder_ID": [
              "Succeeded"
            ]
          },
          "type": "Compose",
          "inputs": "@concat('TKT',outputs('Name'),outputs('Responder_ID'))"
        },
        "Populate_a_Microsoft_Word_template": {
          "runAfter": {
            "TicketID": [
              "Succeeded"
            ]
          },
          "metadata": {
            "01HIWFICUE7XEDZPRNT5CZBRVII57P7SW3": "/PA 18 Dec/Tiket PA.docx"
          },
          "type": "OpenApiConnection",
          "inputs": {
            "parameters": {
              "source": "groups/ff5f55d5-2dab-4a77-bd5b-c756f4108977",
              "drive": "b!4UWjju2dVk-gxBn1a6UZUzc6F-qshAhFp3AII9RT-eP4fgqeBSI2Rb3CVp1FS-Z0",
              "file": "01HIWFICUE7XEDZPRNT5CZBRVII57P7SW3",
              "dynamicFileSchema/185956782": "@outputs('Get_response_details')?['body/r8b6076f1aedd4a3c98572bc60ea9f9b4']",
              "dynamicFileSchema/990454330": "@outputs('Get_response_details')?['body/r8df48de36cbc464bb6ddf96b5d983b31']",
              "dynamicFileSchema/-324434692": "@outputs('Get_response_details')?['body/r7525eb07d3854bdeadb17482d69c96cf']",
              "dynamicFileSchema/-1427491247": "@outputs('Get_response_details')?['body/r6160b794f36047f5a656b3ad141c0169']",
              "dynamicFileSchema/-1262835545": "@outputs('Get_response_details')?['body/submitDate']",
              "dynamicFileSchema/-1411999276": "@outputs('TicketID')"
            },
            "host": {
              "apiId": "/providers/Microsoft.PowerApps/apis/shared_wordonlinebusiness",
              "connectionName": "shared_wordonlinebusiness",
              "operationId": "CreateFileItem"
            },
            "authentication": "@parameters('$authentication')"
          }
        },
        "Send_an_email_(V2)": {
          "runAfter": {
            "Convert_Word_Document_to_PDF": [
              "Succeeded"
            ]
          },
          "type": "OpenApiConnection",
          "inputs": {
            "parameters": {
              "emailMessage/To": "@outputs('Get_response_details')?['body/r99cfd064368844798ebe5b46ca458199']",
              "emailMessage/Subject": "PURCHASE SUCCESsFUL",
              "emailMessage/Body": "<p class=\"editor-paragraph\">Hi @{outputs('Get_response_details')?['body/r8b6076f1aedd4a3c98572bc60ea9f9b4']} ,<br><br>Your purchase is successful</p><p class=\"editor-paragraph\">Below attached yout ticket.<br></p><br>",
              "emailMessage/Attachments": [
                {
                  "Name": "@{outputs('TicketID')}.pdf",
                  "ContentBytes": "@body('Convert_Word_Document_to_PDF')"
                }
              ]
            },
            "host": {
              "apiId": "/providers/Microsoft.PowerApps/apis/shared_office365",
              "connectionName": "shared_office365",
              "operationId": "SendEmailV2"
            },
            "authentication": "@parameters('$authentication')"
          }
        },
        "Name": {
          "runAfter": {
            "Get_response_details": [
              "Succeeded"
            ]
          },
          "type": "Compose",
          "inputs": "@outputs('Get_response_details')?['body/r8b6076f1aedd4a3c98572bc60ea9f9b4']"
        },
        "Responder_ID": {
          "runAfter": {
            "Name": [
              "Succeeded"
            ]
          },
          "type": "Compose",
          "inputs": "@triggerOutputs()?['body/resourceData/responseId']"
        },
        "Create_file": {
          "runAfter": {
            "Populate_a_Microsoft_Word_template": [
              "Succeeded"
            ]
          },
          "type": "OpenApiConnection",
          "inputs": {
            "parameters": {
              "folderPath": "/Power Automate 18 Dec",
              "name": "@concat(outputs('TicketID'), '.docx')",
              "body": "@body('Populate_a_Microsoft_Word_template')"
            },
            "host": {
              "apiId": "/providers/Microsoft.PowerApps/apis/shared_onedriveforbusiness",
              "connectionName": "shared_onedriveforbusiness",
              "operationId": "CreateFile"
            },
            "authentication": "@parameters('$authentication')"
          },
          "runtimeConfiguration": {
            "contentTransfer": {
              "transferMode": "Chunked"
            }
          }
        },
        "Convert_Word_Document_to_PDF": {
          "runAfter": {
            "Create_file": [
              "Succeeded"
            ]
          },
          "type": "OpenApiConnection",
          "inputs": {
            "parameters": {
              "source": "me",
              "drive": "b!zZes6OonhkyC0yPxm2cVtUK5KVxxsGJLvwib2m0fqJCVKH6FHI1CS7W4RMZw5cgA",
              "file": "@outputs('Create_file')?['body/Path']"
            },
            "host": {
              "apiId": "/providers/Microsoft.PowerApps/apis/shared_wordonlinebusiness",
              "connectionName": "shared_wordonlinebusiness",
              "operationId": "GetFilePDF"
            },
            "authentication": "@parameters('$authentication')"
          }
        }
      },
      "outputs": {}
    },
    "templateName": null
  },
  "schemaVersion": "1.0.0.0"
}